{
  "project_info": {
    "project_number": "53237770388",
    "firebase_url": "https://ecotaxiphoneapp-9e80f.firebaseio.com",
    "project_id": "ecotaxiphoneapp-9e80f",
    "storage_bucket": "ecotaxiphoneapp-9e80f.appspot.com"
  },
  "client": [
    {
      "client_info": {
        "mobilesdk_app_id": "1:53237770388:android:1977fdf50c440083",
        "android_client_info": {
          "package_name": "com.example.joeco.ecotaxiphoneapp"
        }
      },
      "oauth_client": [
        {
          "client_id": "53237770388-gfaqk5t95cqui7rfpp783noqmq2g9krq.apps.googleusercontent.com",
          "client_type": 1,
          "android_info": {
            "package_name": "com.example.joeco.ecotaxiphoneapp",
            "certificate_hash": "3f92264cc01db7fe74b87e8569bb25ca8df2dc18"
          }
        },
        {
          "client_id": "53237770388-fln8qebrd8ok9auclubn7gkukvjmhffp.apps.googleusercontent.com",
          "client_type": 1,
          "android_info": {
            "package_name": "com.example.joeco.ecotaxiphoneapp",
            "certificate_hash": "43cf0b90b8baa2f3bba9ab91b08749c3e32c731a"
          }
        },
        {
          "client_id": "53237770388-06mk87vu23mdek5no2vq56ja29ca39ds.apps.googleusercontent.com",
          "client_type": 3
        }
      ],
      "api_key": [
        {
          "current_key": "AIzaSyDCV_51ykRTUKcC1wvvKWJu8PQPPJY3M9w"
        }
      ],
      "services": {
        "analytics_service": {
          "status": 1
        },
        "appinvite_service": {
          "status": 2,
          "other_platform_oauth_client": [
            {
              "client_id": "53237770388-06mk87vu23mdek5no2vq56ja29ca39ds.apps.googleusercontent.com",
              "client_type": 3
            }
          ]
        },
        "ads_service": {
          "status": 2
        }
      }
    }
  ],
  "configuration_version": "1"
}